Workbook

Sheet Sheet1
A1: population size | B1: max generation
A2: 500 | B2: 1500

Sheet result
E1: WMC | I1: CBO | M1: RFC
A2: ID | B2: Dataset | C2: 参与重构的类数量 | D2: 参与重构的方法数 | E2: before | F2: after | G2: delta | H2: delta(%) | I2: before | J2: after | K2: delta | L2: delta(%) | M2: before | N2: after | O2: delta | P2: delta(%)
A3: 2 | B3: Ant-1.5 | C3: 235 | D3: 669 | E3: 89 | F3: 38 | G3: =E3-F3 -> 51 | H3: =G3/E3 -> 0.57303371 | I3: 56 | J3: 30 | K3: =I3-J3 -> 26 | L3: =K3/I3 -> 0.46428571 | M3: 58 | N3: 32 | O3: =M3-N3 -> 26 | P3: =O3/M3 -> 0.44827586
A4: 3 | B4: Ant-1.6 | C4: 284 | D4: 870 | E4: 122 | F4: 54 | G4: =E4-F4 -> 68 | H4: =G4/E4 -> 0.55737705 | I4: 80 | J4: 43 | K4: =I4-J4 -> 37 | L4: =K4/I4 -> 0.4625 | M4: 119 | N4: 49 | O4: =M4-N4 -> 70 | P4: =O4/M4 -> 0.58823529
A5: 4 | B5: Ant-1.7 | C5: 402 | D5: 1180 | E5: 171 | F5: 85 | G5: =E5-F5 -> 86 | H5: =G5/E5 -> 0.50292398 | I5: 141 | J5: 68 | K5: =I5-J5 -> 73 | L5: =K5/I5 -> 0.5177305 | M5: 113 | N5: 70 | O5: =M5-N5 -> 43 | P5: =O5/M5 -> 0.38053097
A6: 8 | B6: jEdit-4.0 | C6: 176 | D6: 119 | E6: 61 | F6: 4 | G6: =E6-F6 -> 57 | H6: =G6/E6 -> 0.93442623 | I6: 43 | J6: 4 | K6: =I6-J6 -> 39 | L6: =K6/I6 -> 0.90697674 | M6: 82 | N6: 6 | O6: =M6-N6 -> 76 | P6: =O6/M6 -> 0.92682927
A7: 9 | B7: jEdit-4.1 | C7: 178 | D7: 234 | E7: 74 | F7: 16 | G7: =E7-F7 -> 58 | H7: =G7/E7 -> 0.78378378 | I7: 35 | J7: 11 | K7: =I7-J7 -> 24 | L7: =K7/I7 -> 0.68571429 | M7: 88 | N7: 15 | O7: =M7-N7 -> 73 | P7: =O7/M7 -> 0.82954545
A8: 10 | B8: jEdit-4.2 | C8: 222 | D8: 383 | E8: 94 | F8: 27 | G8: =E8-F8 -> 67 | H8: =G8/E8 -> 0.71276596 | I8: 40 | J8: 18 | K8: =I8-J8 -> 22 | L8: =K8/I8 -> 0.55 | M8: 96 | N8: 26 | O8: =M8-N8 -> 70 | P8: =O8/M8 -> 0.72916667

Sheet comparison
C1: WMC | F1: CBO | I1: RFC
A2: ID | B2: Dataset | C2: NSGA3 | D2: NSGA2 | E2: Delta | F2: NSGA3 | G2: NSGA2 | H2: Delta | I2: NSGA3 | J2: NSGA2 | K2: Delta
A3: 2 | B3: Ant-1.5 | C3: =VLOOKUP(A3,nsga3!A1:E15,3,FALSE) -> 38 | D3: =VLOOKUP(A3,nsga2!A1:$E$15,3,FALSE) -> 49 | E3: =D3-C3 -> 11 | F3: =VLOOKUP(A3,nsga3!$A$1:$E$15,4,FALSE) -> 30 | G3: =VLOOKUP(A3,nsga2!$A$1:$E$15,4,FALSE) -> 34 | H3: =G3-F3 -> 4 | I3: =VLOOKUP(A3,nsga3!$A$1:$E$15,5,FALSE) -> 32 | J3: =VLOOKUP(A3,nsga2!$A$1:$E$15,5,FALSE) -> 36 | K3: =J3-I3 -> 4
A4: 3 | B4: Ant-1.6 | C4: =VLOOKUP(A4,nsga3!A2:E16,3,FALSE) -> 54 | D4: =VLOOKUP(A4,nsga2!A2:$E$15,3,FALSE) -> 72 | E4: =D4-C4 -> 18 | F4: =VLOOKUP(A4,nsga3!$A$1:$E$15,4,FALSE) -> 43 | G4: =VLOOKUP(A4,nsga2!$A$1:$E$15,4,FALSE) -> 51 | H4: =G4-F4 -> 8 | I4: =VLOOKUP(A4,nsga3!$A$1:$E$15,5,FALSE) -> 49 | J4: =VLOOKUP(A4,nsga2!$A$1:$E$15,5,FALSE) -> 67 | K4: =J4-I4 -> 18
A5: 4 | B5: Ant-1.7 | C5: =VLOOKUP(A5,nsga3!A3:E17,3,FALSE) -> 85 | D5: =VLOOKUP(A5,nsga2!A3:$E$15,3,FALSE) -> 106 | E5: =D5-C5 -> 21 | F5: =VLOOKUP(A5,nsga3!$A$1:$E$15,4,FALSE) -> 68 | G5: =VLOOKUP(A5,nsga2!$A$1:$E$15,4,FALSE) -> 73 | H5: =G5-F5 -> 5 | I5: =VLOOKUP(A5,nsga3!$A$1:$E$15,5,FALSE) -> 70 | J5: =VLOOKUP(A5,nsga2!$A$1:$E$15,5,FALSE) -> 84 | K5: =J5-I5 -> 14
A6: 8 | B6: jEdit-4.0 | C6: =VLOOKUP(A6,nsga3!A4:E18,3,FALSE) -> 4 | D6: =VLOOKUP(A6,nsga2!A4:$E$15,3,FALSE) -> 8 | E6: =D6-C6 -> 4 | F6: =VLOOKUP(A6,nsga3!$A$1:$E$15,4,FALSE) -> 4 | G6: =VLOOKUP(A6,nsga2!$A$1:$E$15,4,FALSE) -> 7 | H6: =G6-F6 -> 3 | I6: =VLOOKUP(A6,nsga3!$A$1:$E$15,5,FALSE) -> 6 | J6: =VLOOKUP(A6,nsga2!$A$1:$E$15,5,FALSE) -> 10 | K6: =J6-I6 -> 4
A7: 9 | B7: jEdit-4.1 | C7: =VLOOKUP(A7,nsga3!A5:E19,3,FALSE) -> 16 | D7: =VLOOKUP(A7,nsga2!A5:$E$15,3,FALSE) -> 20 | E7: =D7-C7 -> 4 | F7: =VLOOKUP(A7,nsga3!$A$1:$E$15,4,FALSE) -> 11 | G7: =VLOOKUP(A7,nsga2!$A$1:$E$15,4,FALSE) -> 15 | H7: =G7-F7 -> 4 | I7: =VLOOKUP(A7,nsga3!$A$1:$E$15,5,FALSE) -> 15 | J7: =VLOOKUP(A7,nsga2!$A$1:$E$15,5,FALSE) -> 20 | K7: =J7-I7 -> 5
A8: 10 | B8: jEdit-4.2 | C8: =VLOOKUP(A8,nsga3!A6:E20,3,FALSE) -> 27 | D8: =VLOOKUP(A8,nsga2!A6:$E$15,3,FALSE) -> 37 | E8: =D8-C8 -> 10 | F8: =VLOOKUP(A8,nsga3!$A$1:$E$15,4,FALSE) -> 18 | G8: =VLOOKUP(A8,nsga2!$A$1:$E$15,4,FALSE) -> 20 | H8: =G8-F8 -> 2 | I8: =VLOOKUP(A8,nsga3!$A$1:$E$15,5,FALSE) -> 26 | J8: =VLOOKUP(A8,nsga2!$A$1:$E$15,5,FALSE) -> 36 | K8: =J8-I8 -> 10
A9: 6 | B9: Camel1.4 | C9: =VLOOKUP(A9,nsga3!A7:E21,3,FALSE) -> 67 | D9: =VLOOKUP(A9,nsga2!A7:$E$15,3,FALSE) -> 94 | E9: =D9-C9 -> 27 | F9: =VLOOKUP(A9,nsga3!$A$1:$E$15,4,FALSE) -> 54 | G9: =VLOOKUP(A9,nsga2!$A$1:$E$15,4,FALSE) -> 101 | H9: =G9-F9 -> 47 | I9: =VLOOKUP(A9,nsga3!$A$1:$E$15,5,FALSE) -> 66 | J9: =VLOOKUP(A9,nsga2!$A$1:$E$15,5,FALSE) -> 103 | K9: =J9-I9 -> 37
A10: 7 | B10: Camel1.6 | C10: =VLOOKUP(A10,nsga3!A8:E22,3,FALSE) -> 183 | D10: =VLOOKUP(A10,nsga2!A8:$E$15,3,FALSE) -> 250 | E10: =D10-C10 -> 67 | F10: =VLOOKUP(A10,nsga3!$A$1:$E$15,4,FALSE) -> 83 | G10: =VLOOKUP(A10,nsga2!$A$1:$E$15,4,FALSE) -> 135 | H10: =G10-F10 -> 52 | I10: =VLOOKUP(A10,nsga3!$A$1:$E$15,5,FALSE) -> 112 | J10: =VLOOKUP(A10,nsga2!$A$1:$E$15,5,FALSE) -> 158 | K10: =J10-I10 -> 46
A11: 11 | B11: Lucene2.0 | C11: =VLOOKUP(A11,nsga3!A9:E23,3,FALSE) -> 10 | D11: =VLOOKUP(A11,nsga2!A9:$E$15,3,FALSE) -> 12 | E11: =D11-C11 -> 2 | F11: =VLOOKUP(A11,nsga3!$A$1:$E$15,4,FALSE) -> 8 | G11: =VLOOKUP(A11,nsga2!$A$1:$E$15,4,FALSE) -> 14 | H11: =G11-F11 -> 6 | I11: =VLOOKUP(A11,nsga3!$A$1:$E$15,5,FALSE) -> 10 | J11: =VLOOKUP(A11,nsga2!$A$1:$E$15,5,FALSE) -> 20 | K11: =J11-I11 -> 10
A12: 12 | B12: Lucene2.2 | C12: =VLOOKUP(A12,nsga3!A10:E24,3,FALSE) -> 18 | D12: =VLOOKUP(A12,nsga2!A10:$E$15,3,FALSE) -> 24 | E12: =D12-C12 -> 6 | F12: =VLOOKUP(A12,nsga3!$A$1:$E$15,4,FALSE) -> 11 | G12: =VLOOKUP(A12,nsga2!$A$1:$E$15,4,FALSE) -> 21 | H12: =G12-F12 -> 10 | I12: =VLOOKUP(A12,nsga3!$A$1:$E$15,5,FALSE) -> 18 | J12: =VLOOKUP(A12,nsga2!$A$1:$E$15,5,FALSE) -> 28 | K12: =J12-I12 -> 10
A13: 13 | B13: Lucene2.4 | C13: =VLOOKUP(A13,nsga3!A11:E25,3,FALSE) -> 37 | D13: =VLOOKUP(A13,nsga2!A11:$E$15,3,FALSE) -> 54 | E13: =D13-C13 -> 17 | F13: =VLOOKUP(A13,nsga3!$A$1:$E$15,4,FALSE) -> 20 | G13: =VLOOKUP(A13,nsga2!$A$1:$E$15,4,FALSE) -> 36 | H13: =G13-F13 -> 16 | I13: =VLOOKUP(A13,nsga3!$A$1:$E$15,5,FALSE) -> 34 | J13: =VLOOKUP(A13,nsga2!$A$1:$E$15,5,FALSE) -> 61 | K13: =J13-I13 -> 27
A14: 14 | B14: Synapse1.0 | C14: =VLOOKUP(A14,nsga3!A12:E26,3,FALSE) -> 0 | D14: =VLOOKUP(A14,nsga2!A12:$E$15,3,FALSE) -> 1 | E14: =D14-C14 -> 1 | F14: =VLOOKUP(A14,nsga3!$A$1:$E$15,4,FALSE) -> 0 | G14: =VLOOKUP(A14,nsga2!$A$1:$E$15,4,FALSE) -> 1 | H14: =G14-F14 -> 1 | I14: =VLOOKUP(A14,nsga3!$A$1:$E$15,5,FALSE) -> 0 | J14: =VLOOKUP(A14,nsga2!$A$1:$E$15,5,FALSE) -> 1 | K14: =J14-I14 -> 1
... A16: 16 | B16: Synapse1.2 | C16: =VLOOKUP(A16,nsga3!A14:E28,3,FALSE) -> 12 | D16: =VLOOKUP(A16,nsga2!A14:$E$15,3,FALSE) -> 21 | E16: =D16-C16 -> 9 | F16: =VLOOKUP(A16,nsga3!$A$1:$E$15,4,FALSE) -> 6 | G16: =VLOOKUP(A16,nsga2!$A$1:$E$15,4,FALSE) -> 16 | H16: =G16-F16 -> 10 | I16: =VLOOKUP(A16,nsga3!$A$1:$E$15,5,FALSE) -> 9 | J16: =VLOOKUP(A16,nsga2!$A$1:$E$15,5,FALSE) -> 18 | K16: =J16-I16 -> 9

Sheet nsga3
A1: ID | B1: Dataset | C1: WMC | D1: CBO | E1: RFC
A2: 2 | B2: Ant-1.5 | C2: 38 | D2: 30 | E2: 32
A3: 3 | B3: Ant-1.6 | C3: 54 | D3: 43 | E3: 49
A4: 4 | B4: Ant-1.7 | C4: 85 | D4: 68 | E4: 70
A5: 8 | B5: jEdit-4.0 | C5: 4 | D5: 4 | E5: 6
A6: 9 | B6: jEdit-4.1 | C6: 16 | D6: 11 | E6: 15
A7: 10 | B7: jEdit-4.2 | C7: 27 | D7: 18 | E7: 26
A8: 6 | B8: Camel1.4 | C8: 67 | D8: 54 | E8: 66
A9: 7 | B9: Camel1.6 | C9: 183 | D9: 83 | E9: 112
A10: 11 | B10: Lucene2.0 | C10: 10 | D10: 8 | E10: 10
A11: 12 | B11: Lucene2.2 | C11: 18 | D11: 11 | E11: 18
A12: 13 | B12: Lucene2.4 | C12: 37 | D12: 20 | E12: 34
A13: 14 | B13: Synapse1.0 | C13: 0 | D13: 0 | E13: 0
... A15: 16 | B15: Synapse1.2 | C15: 12 | D15: 6 | E15: 9

Sheet nsga2
A1: ID | B1: Dataset | C1: WMC | D1: CBO | E1: RFC
A2: 2 | B2: Ant-1.5 | C2: 49 | D2: 34 | E2: 36
A3: 3 | B3: Ant-1.6 | C3: 72 | D3: 51 | E3: 67
A4: 4 | B4: Ant-1.7 | C4: 106 | D4: 73 | E4: 84
A5: 8 | B5: jEdit-4.0 | C5: 8 | D5: 7 | E5: 10
A6: 9 | B6: jEdit-4.1 | C6: 20 | D6: 15 | E6: 20
A7: 10 | B7: jEdit-4.2 | C7: 37 | D7: 20 | E7: 36
A8: 6 | B8: Camel1.4 | C8: 94 | D8: 101 | E8: 103
A9: 7 | B9: Camel1.6 | C9: 250 | D9: 135 | E9: 158
A10: 11 | B10: Lucene2.0 | C10: 12 | D10: 14 | E10: 20
A11: 12 | B11: Lucene2.2 | C11: 24 | D11: 21 | E11: 28
A12: 13 | B12: Lucene2.4 | C12: 54 | D12: 36 | E12: 61
A13: 14 | B13: Synapse1.0 | C13: 1 | D13: 1 | E13: 1
... A15: 16 | B15: Synapse1.2 | C15: 21 | D15: 16 | E15: 18
