Workbook

Sheet summary
E1: WMC | I1: CBO | M1: RFC
A2: ID | B2: Dataset | C2: 参与重构的类数量 | D2: 参与重构的方法数 | E2: before | F2: after | G2: delta | H2: delta(%) | I2: before | J2: after | K2: delta | L2: delta(%) | M2: before | N2: after | O2: delta | P2: delta(%) | Q2: Folder | R2: alogrithm | S2: population size | T2: max iteration
A3: 2 | B3: Ant-1.5 | C3: 235 | D3: 669 | E3: 89 | F3: {=INDIRECT("'"&B3&"'"&"!"&"B2")} -> 52 | G3: =E3-F3 -> 37 | H3: =G3/E3 -> 0.41573034 | I3: 56 | J3: {=INDIRECT("'"&B3&"'"&"!"&"C2")} -> 41 | K3: =I3-J3 -> 15 | L3: =K3/I3 -> 0.26785714 | M3: 58 | N3: {=INDIRECT("'"&B3&"'"&"!"&"D2")} -> 37 | O3: =M3-N3 -> 21 | P3: =O3/M3 -> 0.36206897 | Q3: 01 | R3: NSGA3 | S3: 100 | T3: 250
A4: 3 | B4: Ant-1.6 | C4: 284 | D4: 870 | E4: 122 | F4: {=INDIRECT("'"&B4&"'"&"!"&"B2")} -> 76 | G4: =E4-F4 -> 46 | H4: =G4/E4 -> 0.37704918 | I4: 80 | J4: {=INDIRECT("'"&B4&"'"&"!"&"C2")} -> 55 | K4: =I4-J4 -> 25 | L4: =K4/I4 -> 0.3125 | M4: 119 | N4: {=INDIRECT("'"&B4&"'"&"!"&"D2")} -> 68 | O4: =M4-N4 -> 51 | P4: =O4/M4 -> 0.42857143 | Q4: 01 | R4: NSGA3 | S4: 100 | T4: 250
A5: 4 | B5: Ant-1.7 | C5: 402 | D5: 1180 | E5: 171 | F5: {=INDIRECT("'"&B5&"'"&"!"&"B2")} -> 108 | G5: =E5-F5 -> 63 | H5: =G5/E5 -> 0.36842105 | I5: 141 | J5: {=INDIRECT("'"&B5&"'"&"!"&"C2")} -> 86 | K5: =I5-J5 -> 55 | L5: =K5/I5 -> 0.39007092 | M5: 113 | N5: {=INDIRECT("'"&B5&"'"&"!"&"D2")} -> 84 | O5: =M5-N5 -> 29 | P5: =O5/M5 -> 0.25663717 | Q5: 01 | R5: NSGA3 | S5: 100 | T5: 250
A6: 8 | B6: jEdit-4.0 | C6: 176 | D6: 119 | E6: 61 | F6: {=INDIRECT("'"&B6&"'"&"!"&"B2")} -> 8 | G6: =E6-F6 -> 53 | H6: =G6/E6 -> 0.86885246 | I6: 43 | J6: {=INDIRECT("'"&B6&"'"&"!"&"C2")} -> 2 | K6: =I6-J6 -> 41 | L6: =K6/I6 -> 0.95348837 | M6: 82 | N6: {=INDIRECT("'"&B6&"'"&"!"&"D2")} -> 12 | O6: =M6-N6 -> 70 | P6: =O6/M6 -> 0.85365854 | Q6: 01 | R6: NSGA3 | S6: 100 | T6: 250
A7: 9 | B7: jEdit-4.1 | C7: 178 | D7: 234 | E7: 74 | F7: {=INDIRECT("'"&B7&"'"&"!"&"B2")} -> 15 | G7: =E7-F7 -> 59 | H7: =G7/E7 -> 0.7972973 | I7: 35 | J7: {=INDIRECT("'"&B7&"'"&"!"&"C2")} -> 11 | K7: =I7-J7 -> 24 | L7: =K7/I7 -> 0.68571429 | M7: 88 | N7: {=INDIRECT("'"&B7&"'"&"!"&"D2")} -> 29 | O7: =M7-N7 -> 59 | P7: =O7/M7 -> 0.67045455 | Q7: 01 | R7: NSGA3 | S7: 100 | T7: 250
A8: 10 | B8: jEdit-4.2 | C8: 222 | D8: 383 | E8: 94 | F8: {=INDIRECT("'"&B8&"'"&"!"&"B2")} -> 40 | G8: =E8-F8 -> 54 | H8: =G8/E8 -> 0.57446809 | I8: 40 | J8: {=INDIRECT("'"&B8&"'"&"!"&"C2")} -> 16 | K8: =I8-J8 -> 24 | L8: =K8/I8 -> 0.6 | M8: 96 | N8: {=INDIRECT("'"&B8&"'"&"!"&"D2")} -> 43 | O8: =M8-N8 -> 53 | P8: =O8/M8 -> 0.55208333 | Q8: 01 | R8: NSGA3 | S8: 100 | T8: 250
A9: 4 | B9: Ant-1.7 | C9: 402 | D9: 1180 | E9: 171 | F9: {=INDIRECT("'"&_xlfn.CONCAT(B9, "-", Q9)&"'"&"!"&"B2")} -> 119 | G9: =E9-F9 -> 52 | H9: =G9/E9 -> 0.30409357 | I9: 141 | J9: {=INDIRECT("'"&_xlfn.CONCAT(B9, "-", Q9)&"'"&"!"&"C2")} -> 82 | K9: =I9-J9 -> 59 | L9: =K9/I9 -> 0.41843972 | M9: 113 | N9: {=INDIRECT("'"&_xlfn.CONCAT(B9, "-", Q9)&"'"&"!"&"D2")} -> 101 | O9: =M9-N9 -> 12 | P9: =O9/M9 -> 0.10619469 | Q9: 02 | R9: NSGA2 | S9: 100

Sheet threshold
A1: # | B1: Dataset | C1: WMC | D1: AUC | E1: CBO | F1: AUC | G1: RFC | H1: AUC
A2: 2 | B2: Ant1.5 | C2: 8 | D2: 0.82 | E2: 7 | F2: 0.72 | G2: 40 | H2: 0.83
A3: 3 | B3: Ant1.6 | C3: 8 | D3: 0.78 | E3: 7 | F3: 0.73 | G3: 31 | H3: 0.84
A4: 4 | B4: Ant1.7 | C4: 8 | D4: 0.8 | E4: 7 | F4: 0.73 | G4: 32 | H4: 0.83
A5: 8 | B5: jEdit4.0 | C5: 11 | D5: 0.75 | E5: 8 | F5: 0.71 | G5: 32 | H5: 0.78
A6: 9 | B6: jEdit4.1 | C6: 10 | D6: 0.79 | E6: 10 | F6: 0.71 | G6: 31 | H6: 0.83
A7: 10 | B7: jEdit4.2 | C7: 10 | D7: 0.79 | E7: 11 | F7: 0.79 | G7: 37 | H7: 0.84

Sheet Ant-1.5
A1: # | B1: wmc | C1: cbo | D1: rfc
A2: 1711 | B2: 52 | C2: 41 | D2: 37 | E2: =(B2/summary!$E$3)+(C2/summary!$I$3)+(D2/summary!$M$3) -> 1.9543436
A3: 1823 | B3: 52 | C3: 41 | D3: 37 | E3: =(B3/summary!$E$3)+(C3/summary!$I$3)+(D3/summary!$M$3) -> 1.9543436
A4: 2394 | B4: 52 | C4: 41 | D4: 37 | E4: =(B4/summary!$E$3)+(C4/summary!$I$3)+(D4/summary!$M$3) -> 1.9543436
A5: 1886 | B5: 54 | C5: 42 | D5: 35 | E5: =(B5/summary!$E$3)+(C5/summary!$I$3)+(D5/summary!$M$3) -> 1.9601898
A6: 554 | B6: 53 | C6: 41 | D6: 37 | E6: =(B6/summary!$E$3)+(C6/summary!$I$3)+(D6/summary!$M$3) -> 1.9655795
A7: 958 | B7: 53 | C7: 42 | D7: 36 | E7: =(B7/summary!$E$3)+(C7/summary!$I$3)+(D7/summary!$M$3) -> 1.9661953
A8: 1156 | B8: 58 | C8: 38 | D8: 37 | E8: =(B8/summary!$E$3)+(C8/summary!$I$3)+(D8/summary!$M$3) -> 1.9681879
A9: 1374 | B9: 52 | C9: 42 | D9: 37 | E9: =(B9/summary!$E$3)+(C9/summary!$I$3)+(D9/summary!$M$3) -> 1.9722007
A10: 1159 | B10: 52 | C10: 43 | D10: 36 | E10: =(B10/summary!$E$3)+(C10/summary!$I$3)+(D10/summary!$M$3) -> 1.9728165
A11: 358 | B11: 57 | C11: 39 | D11: 37 | E11: =(B11/summary!$E$3)+(C11/summary!$I$3)+(D11/summary!$M$3) -> 1.974809
A12: 44 | B12: 49 | C12: 46 | D12: 35 | E12: =(B12/summary!$E$3)+(C12/summary!$I$3)+(D12/summary!$M$3) -> 1.9754386
A13: 1027 | B13: 54 | C13: 41 | D13: 37 | E13: =(B13/summary!$E$3)+(C13/summary!$I$3)+(D13/summary!$M$3) -> 1.9768155
... A2801: 1644 | B2801: 68 | C2801: 80 | D2801: 42 | E2801: =(B2801/summary!$E$3)+(C2801/summary!$I$3)+(D2801/summary!$M$3) -> 2.9167543

Sheet Ant-1.6
A1: # | B1: wmc | C1: cbo | D1: rfc
A2: 274 | B2: 76 | C2: 55 | D2: 68 | E2: =(B2/summary!$E$4)+(C2/summary!$I$4)+(D2/summary!$M$4) -> 1.8818794
A3: 2827 | B3: 77 | C3: 55 | D3: 68 | E3: =(B3/summary!$E$4)+(C3/summary!$I$4)+(D3/summary!$M$4) -> 1.8900761
A4: 1917 | B4: 78 | C4: 53 | D4: 70 | E4: =(B4/summary!$E$4)+(C4/summary!$I$4)+(D4/summary!$M$4) -> 1.8900796
A5: 97 | B5: 76 | C5: 56 | D5: 68 | E5: =(B5/summary!$E$4)+(C5/summary!$I$4)+(D5/summary!$M$4) -> 1.8943794
A6: 3321 | B6: 74 | C6: 57 | D6: 69 | E6: =(B6/summary!$E$4)+(C6/summary!$I$4)+(D6/summary!$M$4) -> 1.8988893
A7: 2577 | B7: 76 | C7: 56 | D7: 69 | E7: =(B7/summary!$E$4)+(C7/summary!$I$4)+(D7/summary!$M$4) -> 1.9027828
A8: 3411 | B8: 76 | C8: 56 | D8: 69 | E8: =(B8/summary!$E$4)+(C8/summary!$I$4)+(D8/summary!$M$4) -> 1.9027828
A9: 1075 | B9: 77 | C9: 54 | D9: 72 | E9: =(B9/summary!$E$4)+(C9/summary!$I$4)+(D9/summary!$M$4) -> 1.9111896
A10: 3262 | B10: 77 | C10: 54 | D10: 72 | E10: =(B10/summary!$E$4)+(C10/summary!$I$4)+(D10/summary!$M$4) -> 1.9111896
A11: 2542 | B11: 73 | C11: 60 | D11: 67 | E11: =(B11/summary!$E$4)+(C11/summary!$I$4)+(D11/summary!$M$4) -> 1.9113859
A12: 469 | B12: 74 | C12: 56 | D12: 72 | E12: =(B12/summary!$E$4)+(C12/summary!$I$4)+(D12/summary!$M$4) -> 1.9115994
A13: 1750 | B13: 74 | C13: 56 | D13: 72 | E13: =(B13/summary!$E$4)+(C13/summary!$I$4)+(D13/summary!$M$4) -> 1.9115994
... A3429: 233 | B3429: 84 | C3429: 87 | D3429: 86 | E3429: =(B3429/summary!$E$4)+(C3429/summary!$I$4)+(D3429/summary!$M$4) -> 2.4987137

Sheet Ant-1.7
A1: # | B1: wmc | C1: cbo | D1: rfc
A2: 579 | B2: 108 | C2: 86 | D2: 84 | E2: =(B2/summary!$E$5)+(C2/summary!$I$5)+(D2/summary!$M$5) -> 1.9848709
A3: 1796 | B3: 109 | C3: 85 | D3: 85 | E3: =(B3/summary!$E$5)+(C3/summary!$I$5)+(D3/summary!$M$5) -> 1.9924762
A4: 974 | B4: 110 | C4: 85 | D4: 85 | E4: =(B4/summary!$E$5)+(C4/summary!$I$5)+(D4/summary!$M$5) -> 1.9983241
A5: 1745 | B5: 111 | C5: 83 | D5: 86 | E5: =(B5/summary!$E$5)+(C5/summary!$I$5)+(D5/summary!$M$5) -> 1.9988372
A6: 1549 | B6: 110 | C6: 88 | D6: 83 | E6: =(B6/summary!$E$5)+(C6/summary!$I$5)+(D6/summary!$M$5) -> 2.0019016
A7: 23 | B7: 109 | C7: 88 | D7: 84 | E7: =(B7/summary!$E$5)+(C7/summary!$I$5)+(D7/summary!$M$5) -> 2.0049032
A8: 1508 | B8: 110 | C8: 86 | D8: 85 | E8: =(B8/summary!$E$5)+(C8/summary!$I$5)+(D8/summary!$M$5) -> 2.0054163
A9: 1145 | B9: 109 | C9: 87 | D9: 85 | E9: =(B9/summary!$E$5)+(C9/summary!$I$5)+(D9/summary!$M$5) -> 2.0066606
A10: 1343 | B10: 109 | C10: 89 | D10: 84 | E10: =(B10/summary!$E$5)+(C10/summary!$I$5)+(D10/summary!$M$5) -> 2.0119954
A11: 375 | B11: 113 | C11: 86 | D11: 84 | E11: =(B11/summary!$E$5)+(C11/summary!$I$5)+(D11/summary!$M$5) -> 2.0141106
A12: 1612 | B12: 110 | C12: 86 | D12: 86 | E12: =(B12/summary!$E$5)+(C12/summary!$I$5)+(D12/summary!$M$5) -> 2.0142659
A13: 3103 | B13: 112 | C13: 81 | D13: 89 | E13: =(B13/summary!$E$5)+(C13/summary!$I$5)+(D13/summary!$M$5) -> 2.0170495
... A3388: 122 | B3388: 127 | C3388: 117 | D3388: 105 | E3388: =(B3388/summary!$E$5)+(C3388/summary!$I$5)+(D3388/summary!$M$5) -> 2.5016808

Sheet Ant-1.7-02
A1: # | B1: wmc | C1: cbo | D1: rfc | H1: {=_xlfn.TEXTAFTER(CELL("filename",A1),"]")} -> Ant-1.7-02
A2: 1 | B2: 119 | C2: 82 | D2: 101 | E2: 1653 | F2: 632 | G2: 4563
A3: 2 | B3: 115 | C3: 127 | D3: 109 | E3: 1544 | F3: 758 | G3: 4352
A4: 3 | B4: 115 | C4: 128 | D4: 109 | E4: 1543 | F4: 759 | G4: 4353
A5: 4 | B5: 124 | C5: 89 | D5: 107 | E5: 1724 | F5: 617 | G5: 4675
A6: 5 | B6: 109 | C6: 90 | D6: 100 | E6: 1616 | F6: 647 | G6: 4557
A7: 6 | B7: 114 | C7: 117 | D7: 109 | E7: 1540 | F7: 765 | G7: 4511
A8: 7 | B8: 131 | C8: 115 | D8: 102 | E8: 1589 | F8: 736 | G8: 4407
A9: 8 | B9: 120 | C9: 120 | D9: 115 | E9: 1561 | F9: 728 | G9: 4402
A10: 9 | B10: 121 | C10: 126 | D10: 110 | E10: 1529 | F10: 748 | G10: 4393
A11: 10 | B11: 120 | C11: 102 | D11: 92 | E11: 1601 | F11: 694 | G11: 4525
A12: 11 | B12: 128 | C12: 117 | D12: 103 | E12: 1564 | F12: 732 | G12: 4428
A13: 12 | B13: 131 | C13: 108 | D13: 107 | E13: 1595 | F13: 713 | G13: 4421
... A96: 95 | B96: 124 | C96: 116 | D96: 109 | E96: 1547 | F96: 736 | G96: 4411

Sheet jEdit-4.0
A1: # | B1: wmc | C1: cbo | D1: rfc
A2: 165 | B2: 8 | C2: 2 | D2: 12 | E2: =(B2/summary!$E$6)+(C2/summary!$I$6)+(D2/summary!$M$6) -> 0.32400063
A3: 109 | B3: 6 | C3: 3 | D3: 14 | E3: =(B3/summary!$E$6)+(C3/summary!$I$6)+(D3/summary!$M$6) -> 0.3388598
A4: 13 | B4: 7 | C4: 4 | D4: 11 | E4: =(B4/summary!$E$6)+(C4/summary!$I$6)+(D4/summary!$M$6) -> 0.3419237
A5: 137 | B5: 7 | C5: 3 | D5: 13 | E5: =(B5/summary!$E$6)+(C5/summary!$I$6)+(D5/summary!$M$6) -> 0.34305813
A6: 129 | B6: 8 | C6: 5 | D6: 8 | E6: =(B6/summary!$E$6)+(C6/summary!$I$6)+(D6/summary!$M$6) -> 0.34498759
A7: 8 | B7: 8 | C7: 4 | D7: 10 | E7: =(B7/summary!$E$6)+(C7/summary!$I$6)+(D7/summary!$M$6) -> 0.34612202
A8: 124 | B8: 8 | C8: 4 | D8: 10 | E8: =(B8/summary!$E$6)+(C8/summary!$I$6)+(D8/summary!$M$6) -> 0.34612202
A9: 149 | B9: 8 | C9: 4 | D9: 10 | E9: =(B9/summary!$E$6)+(C9/summary!$I$6)+(D9/summary!$M$6) -> 0.34612202
A10: 158 | B10: 8 | C10: 4 | D10: 10 | E10: =(B10/summary!$E$6)+(C10/summary!$I$6)+(D10/summary!$M$6) -> 0.34612202
A11: 87 | B11: 6 | C11: 5 | D11: 11 | E11: =(B11/summary!$E$6)+(C11/summary!$I$6)+(D11/summary!$M$6) -> 0.34878607
A12: 36 | B12: 9 | C12: 4 | D12: 9 | E12: =(B12/summary!$E$6)+(C12/summary!$I$6)+(D12/summary!$M$6) -> 0.35032034
A13: 67 | B13: 9 | C13: 4 | D13: 9 | E13: =(B13/summary!$E$6)+(C13/summary!$I$6)+(D13/summary!$M$6) -> 0.35032034
... A194: 116 | B194: 8 | C194: 11 | D194: 19 | E194: =(B194/summary!$E$6)+(C194/summary!$I$6)+(D194/summary!$M$6) -> 0.61866881

Sheet jEdit-4.1
A1: # | B1: wmc | C1: cbo | D1: rfc
A2: 60 | B2: 15 | C2: 11 | D2: 29 | E2: =(B2/summary!$E$7)+(C2/summary!$I$7)+(D2/summary!$M$7) -> 0.84653387
A3: 200 | B3: 18 | C3: 12 | D3: 24 | E3: =(B3/summary!$E$7)+(C3/summary!$I$7)+(D3/summary!$M$7) -> 0.85882766
A4: 96 | B4: 16 | C4: 13 | D4: 24 | E4: =(B4/summary!$E$7)+(C4/summary!$I$7)+(D4/summary!$M$7) -> 0.86037206
A5: 178 | B5: 19 | C5: 12 | D5: 23 | E5: =(B5/summary!$E$7)+(C5/summary!$I$7)+(D5/summary!$M$7) -> 0.86097754
A6: 204 | B6: 18 | C6: 11 | D6: 27 | E6: =(B6/summary!$E$7)+(C6/summary!$I$7)+(D6/summary!$M$7) -> 0.86434714
A7: 227 | B7: 16 | C7: 12 | D7: 27 | E7: =(B7/summary!$E$7)+(C7/summary!$I$7)+(D7/summary!$M$7) -> 0.86589154
A8: 24 | B8: 16 | C8: 13 | D8: 25 | E8: =(B8/summary!$E$7)+(C8/summary!$I$7)+(D8/summary!$M$7) -> 0.8717357
A9: 111 | B9: 16 | C9: 12 | D9: 28 | E9: =(B9/summary!$E$7)+(C9/summary!$I$7)+(D9/summary!$M$7) -> 0.87725518
A10: 133 | B10: 16 | C10: 14 | D10: 23 | E10: =(B10/summary!$E$7)+(C10/summary!$I$7)+(D10/summary!$M$7) -> 0.87757985
A11: 65 | B11: 20 | C11: 11 | D11: 26 | E11: =(B11/summary!$E$7)+(C11/summary!$I$7)+(D11/summary!$M$7) -> 0.88001053
A12: 10 | B12: 16 | C12: 13 | D12: 26 | E12: =(B12/summary!$E$7)+(C12/summary!$I$7)+(D12/summary!$M$7) -> 0.88309933
A13: 32 | B13: 16 | C13: 13 | D13: 26 | E13: =(B13/summary!$E$7)+(C13/summary!$I$7)+(D13/summary!$M$7) -> 0.88309933
... A234: 94 | B234: 22 | C234: 21 | D234: 21 | E234: =(B234/summary!$E$7)+(C234/summary!$I$7)+(D234/summary!$M$7) -> 1.1359337

Sheet jEdit-4.2
A1: # | B1: wmc | C1: cbo | D1: rfc
A2: 18 | B2: 40 | C2: 16 | D2: 43 | E2: =(B2/summary!$E$8)+(C2/summary!$I$8)+(D2/summary!$M$8) -> 1.2734486
A3: 497 | B3: 39 | C3: 19 | D3: 38 | E3: =(B3/summary!$E$8)+(C3/summary!$I$8)+(D3/summary!$M$8) -> 1.285727
A4: 210 | B4: 39 | C4: 17 | D4: 43 | E4: =(B4/summary!$E$8)+(C4/summary!$I$8)+(D4/summary!$M$8) -> 1.2878103
A5: 390 | B5: 37 | C5: 19 | D5: 41 | E5: =(B5/summary!$E$8)+(C5/summary!$I$8)+(D5/summary!$M$8) -> 1.2957004
A6: 28 | B6: 39 | C6: 17 | D6: 44 | E6: =(B6/summary!$E$8)+(C6/summary!$I$8)+(D6/summary!$M$8) -> 1.298227
A7: 85 | B7: 40 | C7: 17 | D7: 43 | E7: =(B7/summary!$E$8)+(C7/summary!$I$8)+(D7/summary!$M$8) -> 1.2984486
A8: 456 | B8: 44 | C8: 15 | D8: 44 | E8: =(B8/summary!$E$8)+(C8/summary!$I$8)+(D8/summary!$M$8) -> 1.3014184
A9: 55 | B9: 37 | C9: 18 | D9: 44 | E9: =(B9/summary!$E$8)+(C9/summary!$I$8)+(D9/summary!$M$8) -> 1.3019504
A10: 260 | B10: 37 | C10: 18 | D10: 44 | E10: =(B10/summary!$E$8)+(C10/summary!$I$8)+(D10/summary!$M$8) -> 1.3019504
A11: 160 | B11: 40 | C11: 17 | D11: 44 | E11: =(B11/summary!$E$8)+(C11/summary!$I$8)+(D11/summary!$M$8) -> 1.3088652
A12: 501 | B12: 41 | C12: 17 | D12: 43 | E12: =(B12/summary!$E$8)+(C12/summary!$I$8)+(D12/summary!$M$8) -> 1.3090869
A13: 392 | B13: 36 | C13: 20 | D13: 41 | E13: =(B13/summary!$E$8)+(C13/summary!$I$8)+(D13/summary!$M$8) -> 1.3100621
... A538: 423 | B538: 42 | C538: 29 | D538: 54 | E538: =(B538/summary!$E$8)+(C538/summary!$I$8)+(D538/summary!$M$8) -> 1.7343085
